adjusted_close_us,adjusted_close_intl,wage_growth,inflation,bond_returns,short_term_debt_returns
1,0.6489300808671071,0.6461652863941592,0.7102107225401162,0.2645390766195866,0.6601122428825069
0.6489300808671071,1,0.9255087990105577,0.9082063823864177,-0.10621522819781284,0.6727384515625076
0.6461652863941592,0.9255087990105577,1,0.9882724518834752,-0.034937739895118336,0.7839212961705415
0.7102107225401162,0.9082063823864177,0.9882724518834752,1,0.07332343245998264,0.8322366617590753
0.2645390766195866,-0.10621522819781284,-0.034937739895118336,0.07332343245998264,1,0.42829506366091646
0.6601122428825069,0.6727384515625076,0.7839212961705415,0.8322366617590753,0.42829506366091646,1
