adjusted_close_us,adjusted_close_intl,wage_growth,inflation,bond_returns,short_term_debt_returns
110.40518694444444,52.89307222222222,27.29761111111111,253.56796111111112,3.9586666666666668,1.1853888888888888
