adjusted_close_us,adjusted_close_intl,wage_growth,inflation,bond_returns,short_term_debt_returns
612.8787018125588,161.92231202156609,14.866685642216032,791.6261416642216,0.6215302506963788,2.9337307675642217
